cluster_id,brandSKUId,label,normalized_name,categoryLabel,categories_parsed,primary_category
cluster_0,060a7e7a-a771-4dcc-b1c6-b3146d55a1ba,CORNITOS SLICED JALAPENOS RETAIL JAR PEPPER Bottles Jars 180 Grams,sliced jalapenos retail pepper bottles jars,Prepared/Preserved Foods,"Prepared, Preserved Foods",Prepared
cluster_0,11d7f203-0fd3-4ebc-b8a5-77a7edeb3525,CORNITOS SLICED JALAPENOS 3. 1 KG TIN PEPPER Cans 3100 Grams,sliced jalapenos pepper cans,Prepared/Preserved Foods,"Prepared, Preserved Foods",Prepared
cluster_0,719b8a06-e39a-4814-9852-8c8c7d15f3b8,CORNITOS Burger Dill Gherkins Sliced Tin 3. 1 Kg Cans 3100 Grams,burger dill gherkins sliced cans,Prepared/Preserved Foods,"Prepared, Preserved Foods",Prepared
cluster_1,37174779-9de2-4f9c-a2d6-883c68b828a4,CORNITOS 6 Inch Corn Tortilla Wraps 360 Grams,tortilla wraps rams,Cereal/Grain/Pulse Products,"Cereal, Grain, Pulse Products",Cereal
cluster_1,508fb3fd-0f69-4035-bdbc-4aa2c66100be,CORNITOS 8 Inch Wheat Soft Tortilla Wraps 540 Grams,wheat soft tortilla wraps rams,Cereal/Grain/Pulse Products,"Cereal, Grain, Pulse Products",Cereal
cluster_1,79fa0087-a824-4d66-98d6-7df8c187499e,CORNITOS 10 Inch Whole Wheat Tortilla Wraps 840 Grams,whole wheat tortilla wraps rams,Cereal/Grain/Pulse Products,"Cereal, Grain, Pulse Products",Cereal
cluster_1,97ba1a25-416e-4066-9d6e-ef842ecb5d74,Cornitos 10 Inch Spinach Tortilla 840 Grams Tortilla Wraps,spinach tortilla tortilla wraps,Ready To Cook & Eat,Ready To Cook & Eat,Ready To Cook & Eat
cluster_1,ddafc6de-36f9-4046-92dc-9012fdb6c3a3,Cornitos 8 Inch Corn And Wheat Tortilla Wrap 270 Grams,and wheat tortilla wrap rams,Cereal/Grain/Pulse Products,"Cereal, Grain, Pulse Products",Cereal
cluster_2,8334ee30-ac14-499e-8488-ff0e29ae6d1c,CORNITOS RANCH CUCUMBER DIP Cheesy 100 Grams,ranch cucumber dip cheesy,Sauces/Spreads/Dips/Condiments,"Sauces, Spreads, Dips, Condiments",Sauces
cluster_2,86bf4e3d-df19-4752-89b2-632efe1f9676,CORNITOS Cheese Ranch Cucumber Dip X 12 Spread 3600 Grams,cheese ranch cucumber dip x spread,Sauces/Spreads/Dips/Condiments,"Sauces, Spreads, Dips, Condiments",Sauces
cluster_3,44941483-6870-4b33-bf22-da76d6ccf405,CORNITOS Falafel Kebab Wrap It Roll Kit 480 Grams,falafel kebab wrap it roll kit,Sweets/Snacks,"Sweets, Snacks",Sweets
cluster_3,62d5364b-cc42-4ec8-bad7-a4792262dcca,CORNITOS Shami Kebab Wrap It Roll Kit 270 Grams,shami kebab wrap it roll kit rams,Sweets/Snacks,"Sweets, Snacks",Sweets
cluster_3,f02be728-f74e-41d2-ae3d-7aa07c8b607c,CORNITOS Hara Bhara Kebab Wrap It Roll Kit 480 Grams,hara bhara kebab wrap it roll kit rams,Sweets/Snacks,"Sweets, Snacks",Sweets
cluster_4,5cff1b04-0055-4ab3-aac9-7602c04f9ba3,CORNITOS Cheese Dip Jalapeno 330 Grams,cheese dip jalapeno,Sauces/Spreads/Dips/Condiments,"Sauces, Spreads, Dips, Condiments",Sauces
cluster_4,6a000950-d938-4f38-a3a8-6982ae081a8e,CORNITOS Cheese Dip Jalapeno X 12 Spread 3600 Grams,cheese dip jalapeno x spread,Sauces/Spreads/Dips/Condiments,"Sauces, Spreads, Dips, Condiments",Sauces
cluster_5,3bd4c954-64f4-45a1-a1f0-7528ffefd7db,CORNITOS Chipotle Cheesy Dip 330 Grams,chipotle cheesy dip,Sauces/Spreads/Dips/Condiments,"Sauces, Spreads, Dips, Condiments",Sauces
cluster_5,da0ece81-d655-4bc0-8c74-a3fbba38ac02,CORNITOS Cheese Chipotle Dip X 12 Spread 3600 Grams,cheese chipotle dip x spread,Sauces/Spreads/Dips/Condiments,"Sauces, Spreads, Dips, Condiments",Sauces
cluster_6,67079e50-1c92-44ef-98e1-8638bfdea3ac,CORNITOS Mango Chunky Salsa 330g 330 Grams,mango chunky salsa,Desserts/Desserts Sauces/Toppings,"Desserts, Desserts Sauces, Toppings",Desserts
cluster_6,8a511d91-c2df-47e3-8178-2a8cc40e84be,Cornitos Chunky Salsa Mild 330 Grams,chunky salsa mild,Desserts/Desserts Sauces/Toppings,"Desserts, Desserts Sauces, Toppings",Desserts
cluster_7,7562a21b-e761-49ba-8ccb-ae78139f1ab4,CORNITOS Chunky Salsa Dip Hot 100 Grams,chunky salsa dip hot,Sauces/Spreads/Dips/Condiments,"Sauces, Spreads, Dips, Condiments",Sauces
cluster_7,76d797f7-7228-401b-897a-b4e883d1a08a,CORNITOS Chunky Salsa Dip Mild X 12 Pickle 3960 Grams,chunky salsa dip mild x pickle,Sauces/Spreads/Dips/Condiments,"Sauces, Spreads, Dips, Condiments",Sauces
cluster_7,c037f92f-022e-44f9-9271-0e54b1c7fba6,CORNITOS Chunky Salsa Dip Mild 100 Grams,chunky salsa dip mild,Sauces/Spreads/Dips/Condiments,"Sauces, Spreads, Dips, Condiments",Sauces
cluster_8,0df3d763-b036-4af5-8946-127fbd999e7d,CORNITOS Utsava-cgp011 750 Grams,utsava cgp011,Dry Fruits/Seeds,"Dry Fruits, Seeds",Dry Fruits
cluster_8,1972a39e-57f2-447a-ac59-f103843b28a3,CORNITOS Utsava-cgp006 750 Grams,utsava cgp006,Dry Fruits/Seeds,"Dry Fruits, Seeds",Dry Fruits
cluster_8,2a2fa712-cb07-4163-b19d-8e63f3fd503e,CORNITOS Utsava-cgp012 Set 650 Grams,utsava cgp012 set,Dry Fruits/Seeds,"Dry Fruits, Seeds",Dry Fruits
cluster_8,925100b5-15bb-443f-abc4-f48beaf94f5c,CORNITOS Utsava-cgp014 440 Grams,utsava cgp014,Dry Fruits/Seeds,"Dry Fruits, Seeds",Dry Fruits
cluster_8,c8bf4b64-a849-459d-85bf-a0dafbf024b4,CORNITOS Utsava-cgp005 700 Grams,utsava cgp005,Dry Fruits/Seeds,"Dry Fruits, Seeds",Dry Fruits
cluster_8,d386bd14-3425-4d4e-a184-cdd2a0129dcc,CORNITOS Utsava-cgp013 Set 490 Grams,utsava cgp013 set,Dry Fruits/Seeds,"Dry Fruits, Seeds",Dry Fruits
cluster_8,ff256e41-152b-4462-a9e2-4b74cf942041,CORNITOS Utsava-cgp007 750 Grams,utsava cgp007,Dry Fruits/Seeds,"Dry Fruits, Seeds",Dry Fruits
cluster_9,a27576eb-a24a-4ece-8fda-8cca1d69ddc4,CORNITOS Coated Sunflower Seeds 30 Grams,coated sunflower seeds,Dry Fruits/Seeds,"Dry Fruits, Seeds",Dry Fruits
cluster_9,c3f0f773-07d3-4879-847f-acf010a347f0,Cornitos Sunflower Seeds And Pumpkin Combo 400 Grams,sunflower seeds and pumpkin combo,Dry Fruits/Seeds,"Dry Fruits, Seeds",Dry Fruits
cluster_9,c6af1633-c0fa-4851-9559-eb7f5d97e44d,CORNITOS Sunflower Seeds 200 Grams,sunflower seeds,Dry Fruits/Seeds,"Dry Fruits, Seeds",Dry Fruits
cluster_10,0dd2c55c-488e-4587-8051-2e08ff0f16fb,CORNITOS Roasted Pumpkin Seeds 30 Grams,roasted pumpkin seeds,Dry Fruits/Seeds,"Dry Fruits, Seeds",Dry Fruits
cluster_10,5b2bdbe6-01c2-46a8-9b04-1bc7451b0b5d,CORNITOS Pumpkin Seeds Salted X 10 Roasted 2700 Grams,pumpkin seeds salted x roasted,Dry Fruits/Seeds,"Dry Fruits, Seeds",Dry Fruits
cluster_10,c517ef7d-eb45-4fb1-9532-34f509b177df,CORNITOS Pumpkin Seeds 150 Grams,pumpkin seeds,Dry Fruits/Seeds,"Dry Fruits, Seeds",Dry Fruits
cluster_10,c6ab77f8-5e03-4ff1-81af-7613ed2e6665,CORNITOS Pumpkin Seed Box Roasted Seeds 270 Grams,pumpkin seed box roasted seeds,Dry Fruits/Seeds,"Dry Fruits, Seeds",Dry Fruits
cluster_11,389d775d-4dba-407e-b828-7c110ac1ccde,CORNITOS Chana Crusties Dilli Chaat 50g Bag 50 Grams,chana crusties dilli chaat rams,Sweets/Snacks,"Sweets, Snacks",Sweets
cluster_11,50f97f0e-e26f-4b0c-8816-784a2c8b2bfc,Cornitos Crusties Chana Snacks 18 Gm,crusties chana snacks,Crunchy Snack,Crunchy Snack,Crunchy Snack
cluster_11,7cd7c7cd-780f-4a1d-88dc-c84d3c666253,CORNITOS Chana Crusties Cheesy Garlic 50g Bag 50 Grams,chana crusties cheesy garlic rams,Sweets/Snacks,"Sweets, Snacks",Sweets
cluster_12,3910542d-7b04-4e5f-8273-a7d71161439e,CORNITOS Rajma Crusties King Curry 50g Bag 50 Grams,rajma crusties king curry rams,Sweets/Snacks,"Sweets, Snacks",Sweets
cluster_12,8cf23ad3-d3f5-4b5e-8a74-54b7b5a88f1b,CORNITOS Rajma Crusties Lemon Chili 50g Bag 50 Grams,rajma crusties lemon chili rams,Sweets/Snacks,"Sweets, Snacks",Sweets
cluster_12,eca7cce7-2853-4618-935a-654089881c81,CORNITOS CRUSTIES RAJMA SNACKS 18 GM,crusties rajma snacks,Crunchy Snack,Crunchy Snack,Crunchy Snack
cluster_13,2ccae89d-91ff-46b8-b2af-44574f815492,CORNITOS POP N CRUNCH PARTY MIX 25 GM,pop n crunch party mix,Crunchy Snack,Crunchy Snack,Crunchy Snack
cluster_13,4bd7ece5-d36b-4d0e-8182-cd578378bbe6,Cornitos Party Mix 28 Grams,party mix,Crunchy Snack,Crunchy Snack,Crunchy Snack
cluster_13,e807babf-af2b-4b7d-853d-07247308910c,CORNITOS POP N CRUNCH PUMPKIN SEEDS 22 GM,pop n crunch pumpkin seeds,Crunchy Snack,Crunchy Snack,Crunchy Snack
cluster_14,4f0e92ce-375c-447a-a1a3-64177feeadca,CORNITOS Salted Peanuts 30 Grams,salted peanuts,Crunchy Snack,Crunchy Snack,Crunchy Snack
cluster_14,55bf298e-1e4d-4c21-acde-5ad4caa1415e,CORNITOS POP N CRUNCH PREMIUM PEANUTS 34 GM,pop n crunch peanuts,Crunchy Snack,Crunchy Snack,Crunchy Snack
cluster_15,55f3a745-abde-442c-84fc-c90359f84ae2,CORNITOS Potato Crusties Italian Cheese 50g Bag 50 Grams,potato crusties italian cheese rams,Sweets/Snacks,"Sweets, Snacks",Sweets
cluster_15,d7d8b93f-8014-4b88-9765-17f38ebe6ab8,CORNITOS Potato Crusties Italian Cheese 50g-gt Bag 50 Grams,potato crusties italian cheese gt rams,Sweets/Snacks,"Sweets, Snacks",Sweets
cluster_16,01c79b34-7ec4-4218-b649-c6c7b5781a98,CORNITOS Cheese Jalapeno Almonds 200 Grams,cheese jalapeno almonds,Dry Fruits/Seeds,"Dry Fruits, Seeds",Dry Fruits
cluster_16,96b651fd-4756-4fef-a317-af40613f29d5,Cornitos Corn Nut Cheese Jalapeno 30 Grams,nut cheese jalapeno,Dry Fruits/Seeds,"Dry Fruits, Seeds",Dry Fruits
cluster_16,9eef833f-9323-4b15-9590-07397bab8871,CORNITOS Cheese Jalapeno Roasted Almonds Tin 30 Grams,cheese jalapeno roasted almonds,Dry Fruits/Seeds,"Dry Fruits, Seeds",Dry Fruits
cluster_17,1531ed4e-5222-4fcb-afdf-a9314a439a1d,Cornitos Peri 150 Grams,peri rams,Sweets/Snacks,"Sweets, Snacks",Sweets
cluster_17,3569e1af-a734-4cb8-9299-d53d5714b1bf,CORNITOS Peri 60g X 18 Case 1080 Grams,peri x case rams,Sweets/Snacks,"Sweets, Snacks",Sweets
cluster_18,06662528-0c7d-429f-a713-7010e5b014ab,CORNITOS Potato Crusties Peri 50g-gt Bag 50 Grams,potato crusties peri gt rams,Sweets/Snacks,"Sweets, Snacks",Sweets
cluster_18,791eb83b-5f2d-4a5b-ba35-dd592e5686f0,CORNITOS Potato Crusties Peri 50g Bag 50 Grams,potato crusties peri rams,Sweets/Snacks,"Sweets, Snacks",Sweets
cluster_19,4ffdaef2-8f19-4c9b-86bc-deebd7ac782f,CORNITOS Coated Green Peas Wasabi X 12 1800 Grams,coated green peas wasabi x,Dry Fruits/Seeds,"Dry Fruits, Seeds",Dry Fruits
cluster_19,9f465074-4e4e-4f50-81b5-7f1d1ecb7131,CORNITOS Coated Green Peas HNS X 12 Roasted 1800 Grams,coated green peas hns x roasted,Dry Fruits/Seeds,"Dry Fruits, Seeds",Dry Fruits
cluster_20,668fedb9-3667-412e-a5cd-62c1f10d193b,Cornitos Coated Green Peas Wasabi 150 Grams,coated green peas wasabi rams,Sweets/Snacks,"Sweets, Snacks",Sweets
cluster_20,b24ff93b-867b-4291-a375-83ee9343be73,CORNITOS Coated Green Peas - Wasabi 5kg Bag 5 Kilograms,coated green peas wasabi,Sweets/Snacks,"Sweets, Snacks",Sweets
cluster_20,c7b21038-585f-4749-a139-fb53a5a99892,Cornitos Wasabi Coated Green Peas 28 Grams,wasabi coated green peas rams,Sweets/Snacks,"Sweets, Snacks",Sweets
cluster_21,c2caa89d-748a-4af3-902a-7f1268723e23,Cornitos Hot & Spicy Coated Green Peas 28 Grams,hot spicy coated green peas rams,Sweets/Snacks,"Sweets, Snacks",Sweets
cluster_21,f73eddbc-d562-4445-9e48-746f93e482a7,Cornitos Coated Green Peas Hot And Spicy 150 Grams,coated green peas hot and spicy rams,Sweets/Snacks,"Sweets, Snacks",Sweets
cluster_22,1ec3b440-17d7-431a-bf30-7ab028ae7747,Cornitos Sweet Chili 150 Grams,sweet chili rams,Sweets/Snacks,"Sweets, Snacks",Sweets
cluster_22,924a2875-59ba-4e50-8cd6-48c87111c9e8,Cornitos Sweet Chili 60 Grams,sweet chili rams,Sweets/Snacks,"Sweets, Snacks",Sweets
cluster_23,0353b2ed-530c-400d-bf4b-c9706183a41b,Cornitos Nuts And Raisins 40 Grams,nuts and raisins,Dry Fruits/Seeds,"Dry Fruits, Seeds",Dry Fruits
cluster_23,63f4c0b5-e1e4-4449-9907-a43d5fa1b25f,CORNITOS Nuts And Raisins X 6 Natural 240 Grams,nuts and raisins x natural,Dry Fruits/Seeds,"Dry Fruits, Seeds",Dry Fruits
cluster_24,1ea8990d-7cd3-4888-8ffb-9614cfd2e279,CORNITOS Sweet Chili No Onion Garlic 30g Nacho Crisps 30 Grams,sweet chili no onion garlic nacho crisps,Sweets/Snacks,"Sweets, Snacks",Sweets
cluster_24,7717a2b7-7579-4ab0-9904-ffdf088eebe5,CORNITOS Nacho Chips- Sweet Chili 22 Grams,nacho chips sweet chili,Crunchy Snack,Crunchy Snack,Crunchy Snack
cluster_24,e7481eb1-8f1f-4100-b7aa-7f9b59d75c95,CORNITOS NACHO CHIPS SWEET CHILLI - 20g.,nacho chips sweet chilli,Crunchy Snack,Crunchy Snack,Crunchy Snack
cluster_25,407591a5-ce21-4ec0-96a6-21dccfc35363,Cornitos Tikka Masala Nachos Retail Can 50 Grams,tikka masala nachos retail rams,Sweets/Snacks,"Sweets, Snacks",Sweets
cluster_25,728c1a41-e771-4203-9c27-6a30acb5d19e,Cornitos Tikka Masala 150 Grams,tikka masala rams,Sweets/Snacks,"Sweets, Snacks",Sweets
cluster_25,d4b946a3-3eb6-41fb-9f18-d8485a20267d,Cornitos Tikka Masala 30 Grams,tikka masala rams,Sweets/Snacks,"Sweets, Snacks",Sweets
cluster_26,0707e77f-7f8e-4501-8364-8cb5b904178b,CORNITOS Tikka Masala X 16 BAKED AND FRIED CORN CHIPS 2400 Grams,tikka masala x baked and fried chips,Sweets/Snacks,"Sweets, Snacks",Sweets
cluster_26,f6ce978a-73e6-41e4-aa92-6f5605e84e88,CORNITOS Tikka Masala X 18 BAKED AND FRIED CORN CHIPS 990 Grams,tikka masala x baked and fried chips rams,Sweets/Snacks,"Sweets, Snacks",Sweets
cluster_27,850605ff-5c63-4d23-a3cd-3c7d9a6c2301,CORNITOS Honey Chili Almonds 200 Grams,honey chili almonds,Dry Fruits/Seeds,"Dry Fruits, Seeds",Dry Fruits
cluster_27,a70aa4b3-f896-4fce-abde-22bb86ee8d20,Cornitos Natural Almond 200 Grams,natural almond,Dry Fruits/Seeds,"Dry Fruits, Seeds",Dry Fruits
cluster_28,01622885-4c78-42d7-8802-e7a5f5f12075,Cornitos Nuts Delight Premium Edition Combo 800 Grams,nuts delight edition combo,Dry Fruits/Seeds,"Dry Fruits, Seeds",Dry Fruits
cluster_28,d407bc80-b417-4601-b241-743357a7035d,Cornitos Nuts Combo Pack 400 Grams,nuts combo,Dry Fruits/Seeds,"Dry Fruits, Seeds",Dry Fruits
cluster_29,abd16b1f-5554-454e-9f8d-8bb7907ef3ae,Cornitos Honey Coated Roasted Almonds Tin 40 Grams Roasted Almonds,honey coated roasted almonds roasted almonds,Dry Fruits/Seeds,"Dry Fruits, Seeds",Dry Fruits
cluster_29,bdac6a8d-2722-4036-9eca-a25dd4dcaa1a,CORNITOS Lightly Salted Roasted Almonds Tin 50 Grams,lightly salted roasted almonds,Dry Fruits/Seeds,"Dry Fruits, Seeds",Dry Fruits
cluster_29,c50ce5f5-e527-4c82-b816-c4ed71368f42,Cornitos Roasted Almonds Plain Salted 200 Grams,roasted almonds plain salted,Dry Fruits/Seeds,"Dry Fruits, Seeds",Dry Fruits
cluster_30,0375b0a9-34ad-442d-ac74-1799a97c3ce0,CORNITOS Nut Mix 50 Grams,nut mix,Dry Fruits/Seeds,"Dry Fruits, Seeds",Dry Fruits
cluster_30,611ba891-7204-416c-acd7-c62acf322fec,CORNITOS Party Mix Nuts 200 Grams,party mix nuts,Dry Fruits/Seeds,"Dry Fruits, Seeds",Dry Fruits
cluster_30,7ace55a1-4928-47d3-8083-0bdbd4e85095,CORNITOS Party Mix Roasted Nuts 500 Grams,party mix roasted nuts,Dry Fruits/Seeds,"Dry Fruits, Seeds",Dry Fruits
cluster_30,7e90a5e7-ce83-4aff-aa13-58b1193c5fd0,CORNITOS Party Mix Nuts 10 Grams,party mix nuts,Dry Fruits/Seeds,"Dry Fruits, Seeds",Dry Fruits
cluster_30,b76e9c00-4ec5-4a8a-a03c-00dcf4a70436,CORNITOS Roasted Salted Peanut And Party Mix Combo Nuts 350 Grams,roasted salted peanut and party mix combo nuts,Dry Fruits/Seeds,"Dry Fruits, Seeds",Dry Fruits
cluster_31,02fe3a74-242b-4cf5-ab76-930aff75be2f,Cornitos Peanuts Roasted Salted 500 Grams,peanuts roasted salted,Dry Fruits/Seeds,"Dry Fruits, Seeds",Dry Fruits
cluster_31,86337c92-d52e-4267-915d-611ed49ba27a,Cornitos Roasted Salted Peanut 200 Grams,roasted salted peanut,Dry Fruits/Seeds,"Dry Fruits, Seeds",Dry Fruits
cluster_32,5bea44a0-bf85-4023-b6a1-02cf818786b8,CORNITOS Peanut Salted 10 Grams,peanut salted,Dry Fruits/Seeds,"Dry Fruits, Seeds",Dry Fruits
cluster_32,dd073932-ce99-4148-bfa6-360188a9a2bd,CORNITOS Salt And Pepper Peanut 150 Grams,salt and pepper peanut,Dry Fruits/Seeds,"Dry Fruits, Seeds",Dry Fruits
cluster_33,cb881464-e05d-485e-a032-9a14e9201c9e,CORNITOS Cheesy Sour Cream Onion X 18 BAKED AND FRIED CORN CHIPS 990 Grams,cheesy sour cream onion x baked and fried chips,Sweets/Snacks,"Sweets, Snacks",Sweets
cluster_33,cfc8a9db-8df2-4f9f-a7b2-4b4c8da7f82e,CORNITOS Cheesy Sour Cream Onion X 16 BAKED AND FRIED CORN CHIPS 2400 Grams,cheesy sour cream onion x baked and fried chips,Sweets/Snacks,"Sweets, Snacks",Sweets
cluster_34,519e104a-c6b8-4768-a0cc-b1e1e947712b,Cornitos Cheesy Sour Cream And Onion 60 Grams,cheesy sour cream and onion rams,Sweets/Snacks,"Sweets, Snacks",Sweets
cluster_34,591a1c52-fdbb-450f-a82e-03167ecd5dd4,CORNITOS Cheesy Sour Cream & Onion 60g X 18 Case 1080 Grams,cheesy sour cream onion x case rams,Sweets/Snacks,"Sweets, Snacks",Sweets
cluster_35,abcf5674-2196-4a9d-8c00-a38d7dfe2bfb,CORNITOS Lemon Chili Cashews 200 Grams,lemon chili cashews,Dry Fruits/Seeds,"Dry Fruits, Seeds",Dry Fruits
cluster_35,ffe29d50-2c77-4011-9971-b4531299c839,CORNITOS Lemon Chili Cilantro Roasted Cashews Tin Nuts 30 Grams,lemon chili cilantro roasted cashews nuts,Dry Fruits/Seeds,"Dry Fruits, Seeds",Dry Fruits
cluster_36,0132751f-e7b3-4bbb-ba30-80727ccb83da,CORNITOS Peri X 18 BAKED AND FRIED CORN CHIPS 990 Grams,peri x baked and fried chips,Sweets/Snacks,"Sweets, Snacks",Sweets
cluster_36,94ecaa24-570b-40b4-891b-0a0d9a7dd83e,CORNITOS Peri X 16 BAKED AND FRIED CORN CHIPS 2400 Grams,peri x baked and fried chips,Sweets/Snacks,"Sweets, Snacks",Sweets
cluster_37,94342e62-db16-4c1d-8c41-4f7b930b093a,Cornitos Roasted Cashews Crack Pepper 30 Grams,roasted cashews crack pepper,Dry Fruits/Seeds,"Dry Fruits, Seeds",Dry Fruits
cluster_37,a0df5fe8-cc9f-48e2-ac9c-c61b957734d7,CORNITOS Crack Pepper Cashew (pack Of 6) 180 Grams,crack pepper cashew of,Dry Fruits/Seeds,"Dry Fruits, Seeds",Dry Fruits
cluster_37,e32aff17-222e-45a9-845f-9197de3c5490,Cornitos Roasted Cashew Crack Pepper 200 Grams,roasted cashew crack pepper,Dry Fruits/Seeds,"Dry Fruits, Seeds",Dry Fruits
cluster_38,741f1f2a-cdbf-4b95-acf1-8c7bc60957f4,Cornitos Lime And Mint 60 Grams,lime and mint,Sweets/Snacks,"Sweets, Snacks",Sweets
cluster_38,75268515-89de-4980-b519-6306d46ae89e,CORNITOS Lime And Mint 60g X 18 Case 1080 Grams,lime and mint x case rams,Sweets/Snacks,"Sweets, Snacks",Sweets
cluster_39,10d2759c-ca31-46aa-8c07-86dfec664aa9,Cornitos Beetroot Chili Taco Shell 80 Grams,beetroot chili taco shell rams,Sweets/Snacks,"Sweets, Snacks",Sweets
cluster_39,3e516743-618f-4185-b2fb-b11f5fb9fb0d,Cornitos Taco Shells 80 Grams,taco shells rams,Sweets/Snacks,"Sweets, Snacks",Sweets
cluster_39,66c5dcd3-020e-45d8-8cb1-ccbfabe36e09,CORNITOS Taco Shells 4 Inches Spinach X 10 Baked And Fried 800 Grams,taco shells spinach x baked and fried rams,Sweets/Snacks,"Sweets, Snacks",Sweets
cluster_39,67012702-7191-484d-b82e-7a234434d9e2,CORNITOS Taco Shells 4 Inches Beetroot X 10 Baked And Fried 800 Grams,taco shells beetroot x baked and fried rams,Sweets/Snacks,"Sweets, Snacks",Sweets
cluster_40,281f06b6-87be-46da-a3a3-978374099a45,CORNITOS Taco Shell 4 Inch 24 Pcs BAKED AND FRIED 160 Grams,taco shell pcs baked and fried rams,Sweets/Snacks,"Sweets, Snacks",Sweets
cluster_40,2f6e82c8-9b8c-4dd2-9032-58179b5ae302,CORNITOS Taco Shell 6 Inch 24 Pcs BAKED AND FRIED 240 Grams,taco shell pcs baked and fried,Sweets/Snacks,"Sweets, Snacks",Sweets
cluster_40,a337f3e3-9e53-42bc-9534-60057769800c,CORNITOS Taco Shell 6 Inch 12 Pcs BAKED AND FRIED 120 Grams,taco shell pcs baked and fried rams,Sweets/Snacks,"Sweets, Snacks",Sweets
cluster_40,d26b7f69-de4c-4365-81ff-abfb35d71ad1,CORNITOS Taco Shell 6 Inch X 10 Baked And Fried 1800 Grams,taco shell x baked and fried,Sweets/Snacks,"Sweets, Snacks",Sweets
cluster_41,b5cbcdc6-1fc4-4e7a-94b7-f806b36fffc2,CORNITOS Lightly Salted Roasted Cashews Tin 50 Grams,lightly salted roasted cashews,Dry Fruits/Seeds,"Dry Fruits, Seeds",Dry Fruits
cluster_41,c09d5eee-4f4c-41d5-9873-e18625b1f45f,Cornitos Roasted Cashews Salted 200 Grams,roasted cashews salted,Dry Fruits/Seeds,"Dry Fruits, Seeds",Dry Fruits
cluster_42,4a5d0f12-256b-444a-a94e-884b71d75c2d,Cornitos Roasted Cashew Unsalted 200 Grams,roasted cashew unsalted,Dry Fruits/Seeds,"Dry Fruits, Seeds",Dry Fruits
cluster_42,acbeedf4-fc94-425e-adf6-2c243eacca5e,CORNITOS Unsalted Cashew Roasted 200 Grams,unsalted cashew roasted,Dry Fruits/Seeds,"Dry Fruits, Seeds",Dry Fruits
cluster_43,2bab71ff-30b3-4d48-bc6d-3a984340db58,CORNITOS TOMATO MEXICANA BAKED AND FRIED CORN CHIPS Bag 150 Grams,tomato mexicana baked and fried chips rams,Sweets/Snacks,"Sweets, Snacks",Sweets
cluster_43,7ed9b1df-9119-48b7-90f5-9ba69c1e90c1,Cornitos Tomato Mexicana 60 Grams,tomato mexicana rams,Sweets/Snacks,"Sweets, Snacks",Sweets
cluster_43,99f1ad87-23da-4c0e-b1a2-edc3639de4a5,CORNITOS Tomato Mexicana NONG BAKED AND FRIED CORN CHIPS 60 Grams,tomato mexicana nong baked and fried chips rams,Sweets/Snacks,"Sweets, Snacks",Sweets
cluster_43,c347f6fb-b995-4cf3-aab6-d4f384d9f212,CORNITOS TOMATO MEXICANA X 18 BAKED AND FRIED CORN CHIPS 990 Grams,tomato mexicana x baked and fried chips rams,Sweets/Snacks,"Sweets, Snacks",Sweets
cluster_43,de68fc87-3355-45d7-b24d-08aff34c9b4a,CORNITOS Tomato Mexicana X 16 BAKED AND FRIED CORN CHIPS 2400 Grams,tomato mexicana x baked and fried chips,Sweets/Snacks,"Sweets, Snacks",Sweets
cluster_44,2867a5d5-08b2-4c4d-bc7a-ad889f8fda73,CORNITOS Nacho Chips- Tomato Mexicana 22 Grams,nacho chips tomato mexicana,Sweets/Snacks,"Sweets, Snacks",Sweets
cluster_44,28879a45-2028-4c36-bba2-de45e2c61c3a,CORNITOS Tomato Salsa Nacho Crisps Baked And Fried Corn Chips 150 Grams,tomato salsa nacho crisps baked and fried chips,Sweets/Snacks,"Sweets, Snacks",Sweets
cluster_45,2d87bd58-5ec2-46bd-813b-937be81a9853,CORNITOS Thai Sweet Chilli Nacho Crisps 70g Euro Pack Baked And Fried Corn Chips 70 Grams,thai sweet chilli nacho crisps euro baked and fried chips rams,Sweets/Snacks,"Sweets, Snacks",Sweets
cluster_45,5ce757df-dc0f-4944-9d90-96af57713a86,CORNITOS Thai Sweet Chilli Nacho Crisps Baked And Fried Corn Chips 70 Grams,thai sweet chilli nacho crisps baked and fried chips rams,Sweets/Snacks,"Sweets, Snacks",Sweets
cluster_45,c0bf6062-54fd-4519-9b10-e3ad34404c6e,CORNITOS Thai Chili Nachos Retail Can BAKED AND FRIED CORN CHIPS Cans 50 Grams,thai chili nachos retail baked and fried chips cans rams,Sweets/Snacks,"Sweets, Snacks",Sweets
cluster_46,5737695c-3f2e-4d30-89d6-d895b2f25e9d,CORNITOS Thai Sweet Chili X 18 BAKED AND FRIED CORN CHIPS 990 Grams,thai sweet chili x baked and fried chips,Sweets/Snacks,"Sweets, Snacks",Sweets
cluster_46,b80723c7-0d78-426c-a953-c402d14288ce,CORNITOS Thai Sweet Chili X 16 BAKED AND FRIED CORN CHIPS 2400 Grams,thai sweet chili x baked and fried chips,Sweets/Snacks,"Sweets, Snacks",Sweets
cluster_47,21893c39-11a3-4d4c-b166-bff794bab60b,CORNITOS 200g Nachos Institutional Pack 200 Grams,nachos institutional rams,Sweets/Snacks,"Sweets, Snacks",Sweets
cluster_47,59ef8f25-f23e-4e5e-8511-616b7496047a,Cornitos Cantina Style Nacho Crisps 340 Grams,cantina style nacho crisps rams,Sweets/Snacks,"Sweets, Snacks",Sweets
cluster_47,8bf1c53d-eac2-44c8-bc3c-812758abfd47,Cornitos Nacho Crisps Assorted Pack Of 10 600 Grams,nacho crisps assorted of rams,Sweets/Snacks,"Sweets, Snacks",Sweets
cluster_48,3b482644-baaa-4554-aa13-22c67274912a,CORNITOS QUINOA Nachos 200g Bag 200 Grams,quinoa nachos rams,Sweets/Snacks,"Sweets, Snacks",Sweets
cluster_48,b0a85c3c-b1f4-42c8-9b34-dfe38a2fb2cc,Cornitos Quinoa Nacho Crisps 70 Grams,quinoa nacho crisps rams,Sweets/Snacks,"Sweets, Snacks",Sweets
cluster_49,1b435c83-5a0a-4cb4-8ee2-065cdc916789,CORNITOS Beetroot Nachos X 15 BAKED AND FRIED CORN CHIPS 1050 Grams,beetroot nachos x baked and fried chips rams,Sweets/Snacks,"Sweets, Snacks",Sweets
cluster_49,2d014c38-db51-4402-82d8-8fd6988d94b7,CORNITOS Funza Beetroot Veggie Nachos Baked And Fried Corn Chips 40 Grams,funza beetroot veggie nachos baked and fried chips rams,Sweets/Snacks,"Sweets, Snacks",Sweets
cluster_50,6fcde8be-dfaf-415d-967c-17a97d007d7b,CORNITOS MELANGE Nachos BAKED AND FRIED CORN CHIPS 200 Grams,melange nachos baked and fried chips,Sweets/Snacks,"Sweets, Snacks",Sweets
cluster_50,fdf9a99b-9fff-485a-b08b-1b58acf82a2d,CORNITOS Melange Nachos X 15 BAKED AND FRIED CORN CHIPS 1050 Grams,melange nachos x baked and fried chips rams,Sweets/Snacks,"Sweets, Snacks",Sweets
cluster_51,7b5f58a9-d150-42d0-b530-165d0f4eb5a2,CORNITOS Jalapeno Nachos And Salsa Dip Tray Baked Fried Corn Chips 80 Grams,jalapeno nachos and salsa dip tray baked fried chips rams,Sweets/Snacks,"Sweets, Snacks",Sweets
cluster_51,93b1e31f-7522-4439-85f2-8d67aabb18c8,CORNITOS Jalapeno Nacho Crisps Baked And Fried Corn Chips 150 Grams,jalapeno nacho crisps baked and fried chips rams,Sweets/Snacks,"Sweets, Snacks",Sweets
cluster_51,aa169448-62e1-4176-a0c6-1eb9e115d98d,CORNITOS Tortilos Nacho Crisps -jalapeno Baked And Fried Corn Chips 70 Grams,tortilos nacho crisps jalapeno baked and fried chips rams,Sweets/Snacks,"Sweets, Snacks",Sweets
cluster_52,15ac30bd-eaa3-4e79-aa20-4a2b48b0cff2,CORNITOS Cheese And Herbs Nachos Bag 30 Grams,cheese and herbs nachos rams,Sweets/Snacks,"Sweets, Snacks",Sweets
cluster_52,657b42ac-8bdd-4f9f-b10a-858e932ee055,CORNITOS Nacho Chips- Cheese & Herbs 22 Grams,nacho chips cheese herbs rams,Sweets/Snacks,"Sweets, Snacks",Sweets
cluster_52,f529a022-9c52-4b17-a322-ea801c6250b3,CORNITOS Cheese And Herbs Nacho Crisps 30 Grams,cheese and herbs nacho crisps rams,Sweets/Snacks,"Sweets, Snacks",Sweets
cluster_53,51496013-e873-4e94-9312-4cac8880d5e3,Cornitos Cheese Nachos And Dip Tray 60 Grams,cheese nachos and dip tray rams,Sweets/Snacks,"Sweets, Snacks",Sweets
cluster_53,6d094a90-ddc9-4454-985f-ae4eaf6d6435,Cornitos Cheese Nachos And Dip Tray X 18 1260 Grams,cheese nachos and dip tray x,Sweets/Snacks,"Sweets, Snacks",Sweets
cluster_54,456617c6-15ad-4fad-b950-8abe5580660f,CORNITOS Peri Nacho Crisps Baked And Fried Corn Chips 70 Grams,peri nacho crisps baked and fried chips rams,Sweets/Snacks,"Sweets, Snacks",Sweets
cluster_54,7a6deb65-e869-4341-b02c-ebde9d3c4900,CORNITOS Peri Nacho Crisps X 14 Baked And Fried Corn Chips 980 Grams,peri nacho crisps x baked and fried chips rams,Sweets/Snacks,"Sweets, Snacks",Sweets
cluster_54,7b1af337-e0dc-410c-b2c5-13b6b137f21d,CORNITOS Peri Nacho Crisps 70g Euro Pack Baked And Fried Corn Chips 70 Grams,peri nacho crisps euro baked and fried chips rams,Sweets/Snacks,"Sweets, Snacks",Sweets
cluster_54,cc2681ed-15f5-4e7e-9a52-b39b81825d8d,CORNITOS Tortilos Nacho Crisps -peri Peri Baked And Fried Corn Chips 70 Grams,tortilos nacho crisps peri peri baked and fried chips rams,Sweets/Snacks,"Sweets, Snacks",Sweets
cluster_55,750ec18d-e462-4265-9b10-71aa6acb30f2,CORNITOS Peri Nachos And Salsa Dip Tray X 18 Baked Fried Corn Chips 1440 Grams,peri nachos and salsa dip tray x baked fried chips rams,Sweets/Snacks,"Sweets, Snacks",Sweets
cluster_55,9a7df206-8a0c-4452-a86d-3dace7740370,CORNITOS PERI Nacho Can With Cheese Dip Baked And Cooked Corn Chips 60 Grams,peri nacho with cheese dip baked and cooked chips rams,Sweets/Snacks,"Sweets, Snacks",Sweets
cluster_55,db8eafcf-2378-4dd8-a030-23fbf30e257e,CORNITOS Peri Nachos And Salsa Dip Tray Baked Fried Corn Chips 80 Grams,peri nachos and salsa dip tray baked fried chips rams,Sweets/Snacks,"Sweets, Snacks",Sweets
cluster_56,1c5b02ab-dead-462e-bc04-67acfec5cca6,CORNITOS Sizzlin Jalapeno X 18 BAKED AND FRIED CORN CHIPS 990 Grams,sizzlin jalapeno x baked and fried chips rams,Sweets/Snacks,"Sweets, Snacks",Sweets
cluster_56,51311a30-f570-42fb-b9a2-05a5e78c2aaa,CORNITOS SIZZLIN JALAPENO BAKED AND FRIED CORN CHIPS Bag 150 Grams,sizzlin jalapeno baked and fried chips rams,Sweets/Snacks,"Sweets, Snacks",Sweets
cluster_56,8430bada-2be3-4f7b-9040-8a941e3aec29,CORNITOS Sizzlin Jalapeno X 16 BAKED AND FRIED CORN CHIPS 2400 Grams,sizzlin jalapeno x baked and fried chips rams,Sweets/Snacks,"Sweets, Snacks",Sweets
cluster_57,4979a768-4375-482a-986a-b6d195685c21,Cornitos Sizzlin Jalapeno 60 Grams,sizzlin jalapeno rams,Sweets/Snacks,"Sweets, Snacks",Sweets
cluster_57,bf9fde71-45a7-4ecd-b75b-9c65dee4fb8b,CORNITOS Sizzlin Jalapeno Nacho Crisps 30 Grams,sizzlin jalapeno nacho crisps rams,Sweets/Snacks,"Sweets, Snacks",Sweets
cluster_58,146d1f25-b419-48b6-aaa9-b3077dfc3f55,CORNITOS Cheese And Herbs Box Of 10 BAKED FRIED CORN CHIPS 300 Grams,cheese and herbs box of baked fried chips rams,Sweets/Snacks,"Sweets, Snacks",Sweets
cluster_58,52bb0b52-a70a-42f7-889e-f5422a352063,CORNITOS Cheese And Herbs X 16 BAKED FRIED CORN CHIPS 2400 Grams,cheese and herbs x baked fried chips,Sweets/Snacks,"Sweets, Snacks",Sweets
cluster_58,59ffc845-7816-4529-a51d-d079c99767f1,CORNITOS CHEESE AND HERBS X 18 BAKED FRIED CORN CHIPS 990 Grams,cheese and herbs x baked fried chips rams,Sweets/Snacks,"Sweets, Snacks",Sweets
cluster_58,8f2e7259-704b-40b5-a4b1-44622f9e0d45,CORNITOS Party Pack Baked And Fried Corn Chips 500 Grams,baked and fried chips rams,Sweets/Snacks,"Sweets, Snacks",Sweets
cluster_58,eebb6b95-ed5f-4ffd-9038-da8fbb04908f,CORNITOS Cheese And Herbs NONG BAKED FRIED CORN CHIPS 60 Grams,cheese and herbs nong baked fried chips rams,Sweets/Snacks,"Sweets, Snacks",Sweets
cluster_58,ef76feee-eeff-4237-ac44-d5596dadd424,CORNITOS CHEESE AND HERBS BAKED FRIED CORN CHIPS Bag 150 Grams,cheese and herbs baked fried chips rams,Sweets/Snacks,"Sweets, Snacks",Sweets
cluster_59,9bee7134-4c19-488d-bc48-d12ff22be8c0,Cornitos Barbeque 60 Grams,barbeque rams,Sweets/Snacks,"Sweets, Snacks",Sweets
cluster_59,f36c3dfb-9fe5-44fd-bf23-ceae2d978c9c,CORNITOS Barbeque Nachos Bag 30 Grams,barbeque nachos rams,Sweets/Snacks,"Sweets, Snacks",Sweets
cluster_60,11e02411-51e9-415f-b304-8537f75799b9,CORNITOS Barbeque Nacho Crisps Baked And Fried Corn Chips 70 Grams,barbeque nacho crisps baked and fried chips rams,Sweets/Snacks,"Sweets, Snacks",Sweets
cluster_60,3eff6fc6-7e2e-420c-bec6-2d9d52cb7cdf,CORNITOS Barbeque X 18 BAKED AND FRIED CORN CHIPS 990 Grams,barbeque x baked and fried chips rams,Sweets/Snacks,"Sweets, Snacks",Sweets
cluster_60,dc635365-2455-46cc-aa52-98fc6d195729,CORNITOS Barbeque Nacho Crisps 70g Euro Pack Baked And Fried Corn Chips 70 Grams,barbeque nacho crisps euro baked and fried chips rams,Sweets/Snacks,"Sweets, Snacks",Sweets
cluster_60,eadfa757-f1dc-4b95-939f-c0f99f82f331,CORNITOS Barbeque Nacho Crisps X 14 Baked And Fried Corn Chips 980 Grams,barbeque nacho crisps x baked and fried chips rams,Sweets/Snacks,"Sweets, Snacks",Sweets
cluster_61,3400f661-1f32-4ff7-9bdd-e49bd50f22e2,Cornitos Lime And Mint Nachos Retail Can 50 Grams,lime and mint nachos retail rams,Sweets/Snacks,"Sweets, Snacks",Sweets
cluster_61,506c661e-1f04-4bde-bcc2-96b24fac9603,CORNITOS Lime And Mint Nachos Bag 30 Grams,lime and mint nachos rams,Sweets/Snacks,"Sweets, Snacks",Sweets
cluster_61,6eaaacaa-192b-4007-8cb2-5add0e3e4860,Cornitos Lime And Mint Nacho Crisps 30 Grams,lime and mint nacho crisps rams,Sweets/Snacks,"Sweets, Snacks",Sweets
cluster_61,7043981a-1ce3-4163-b4d7-a5b50bc34738,CORNITOS Lime And Mint Nacho Crisps Baked Fried Corn Chips 70 Grams,lime and mint nacho crisps baked fried chips rams,Sweets/Snacks,"Sweets, Snacks",Sweets
cluster_62,0406f3e6-dc5d-4001-b682-0fcc6b0ebb45,CORNITOS Lime And Mint Nacho Crisps X 14 Baked Fried Corn Chips 980 Grams,lime and mint nacho crisps x baked fried chips,Sweets/Snacks,"Sweets, Snacks",Sweets
cluster_62,8b140781-0dbc-4fd4-a05f-de19e3b192ef,CORNITOS Lime And Mint X 18 BAKED FRIED CORN CHIPS 990 Grams,lime and mint x baked fried chips,Sweets/Snacks,"Sweets, Snacks",Sweets
cluster_62,f0fb5773-3f3b-4af2-80ff-06398eb13f16,CORNITOS Lime And Mint Nacho Crisps 70g Euro Pack Baked Fried Corn Chips 70 Grams,lime and mint nacho crisps euro baked fried chips,Sweets/Snacks,"Sweets, Snacks",Sweets
no_sisters,03d7fd07-ef87-4936-9a5b-7d73754ad94c,CORNITOS Honey Roasted Almond And Salted Cashews Combo 400 Grams,honey roasted almond and salted cashews combo,Dry Fruits/Seeds,"Dry Fruits, Seeds",Dry Fruits
no_sisters,04bbd875-8e8f-4dbe-97df-c47e38e96498,CORNITOS Veggie Nachos Combo BAKED AND FRIED CORN CHIPS 260 Grams,veggie nachos combo baked and fried chips rams,Sweets/Snacks,"Sweets, Snacks",Sweets
no_sisters,108a7f4e-4349-4b1b-ad92-d61062229ab2,Cornitos Honey Roasted Almond And Party Mix 400 Grams,honey roasted almond and party mix,Dry Fruits/Seeds,"Dry Fruits, Seeds",Dry Fruits
no_sisters,1402faa3-8f88-4be8-a947-06721e50ccc7,CORNITOS WASABI BAKED AND FRIED CORN CHIPS Bag 150 Grams,wasabi baked and fried chips rams,Sweets/Snacks,"Sweets, Snacks",Sweets
no_sisters,15d3c40c-a9d4-405b-940d-5c42170faa44,CORNITOS Nachos Hot Flavour Combo Pack 180 Grams,nachos hot flavour combo rams,Sweets/Snacks,"Sweets, Snacks",Sweets
no_sisters,2693795e-c373-4054-b729-95d209bf87c6,CORNITOS TIKKA MASALA Nacho Can With Cheese Dip Baked And Cooked Corn Chips 60 Grams,tikka masala nacho with cheese dip baked and cooked chips rams,Sweets/Snacks,"Sweets, Snacks",Sweets
no_sisters,276e7246-2fc2-4d3a-a71b-7daf3421963d,Cornitos Roasted Almonds 30 Grams,roasted almonds rams,Sweets/Snacks,"Sweets, Snacks",Sweets
no_sisters,3e756681-cf66-49a8-a255-ed6e52a2588d,CORNITOS CRUSTIES POTATO SNACKS 18 GM,crusties potato snacks,Baby Grooming,Baby Grooming,Baby Grooming
no_sisters,42be0d0b-ac31-46a6-9d00-74cc82aff0b6,Cornitos Roasted Almonds Smoky Bbq 200 Grams,roasted almonds smoky bbq,Dry Fruits/Seeds,"Dry Fruits, Seeds",Dry Fruits
no_sisters,437cd237-83e0-48ce-bc91-934387cdb317,Cornitos Tomato Salsa No Onion Garlic 30 Grams,tomato salsa no onion garlic,Sweets/Snacks,"Sweets, Snacks",Sweets
no_sisters,4a11686a-f7f5-4a09-8720-eb8e99eaaaa0,Cornitos Pop N Crunch Roasted Cashwes 25 Gm,pop n crunch roasted cashwes,Crunchy Snack,Crunchy Snack,Crunchy Snack
no_sisters,4f163045-b3c3-41a0-8818-89532f23420a,CORNITOS Crusties 3 Packs Combo Bag 150 Grams,crusties packs combo rams,Sweets/Snacks,"Sweets, Snacks",Sweets
no_sisters,50cafb81-14af-4df2-821f-c6fbfead5f53,CORNITOS CHEESE AND HERBS -60gm 60 Grams,cheese and herbs,Herbs/Spices,"Herbs, Spices",Herbs
no_sisters,5117f191-7a1a-445f-a29a-689fe7bd3b91,Cornitos Taco Dinner Kit 100 Grams,taco dinner kit rams,Sweets/Snacks,"Sweets, Snacks",Sweets
no_sisters,558d17b9-758d-4000-b002-a7ad336d8b55,Cornitos Roasted Almond Salted And Wasabi Peas 350 Grams,roasted almond salted and wasabi peas,Dry Fruits/Seeds,"Dry Fruits, Seeds",Dry Fruits
no_sisters,5a1e24f8-1128-41dc-82a7-b4f9fe1a4951,CORNITOS Peri Nachos Retail Can BAKED AND FRIED CORN CHIPS Cans 50 Grams,peri nachos retail baked and fried chips cans rams,Sweets/Snacks,"Sweets, Snacks",Sweets
no_sisters,5b065e22-a1af-4b28-aba4-d9950b3c5246,CORNITOS Sour Cream And Chives Nacho Crisps Baked Fried Corn Chips 150 Grams,sour cream and chives nacho crisps baked fried chips rams,Sweets/Snacks,"Sweets, Snacks",Sweets
no_sisters,5d589617-70fc-45af-8e74-94f787131bd4,Cornitos Fusion Pack 620 Grams,fusion rams,Sweets/Snacks,"Sweets, Snacks",Sweets
no_sisters,628c46d0-b852-4f2b-9e8b-4f54a64f7705,CORNITOS Lebanese Almonds 200 Grams,lebanese almonds,Dry Fruits/Seeds,"Dry Fruits, Seeds",Dry Fruits
no_sisters,664c3b87-5e64-426f-b9d3-d33df906d6f7,Cornitos Spinach Garlic Taco Shell 80 Grams,spinach garlic taco shell rams,Sweets/Snacks,"Sweets, Snacks",Sweets
no_sisters,7133e45e-79a4-4e24-aebb-ba0e5824e374,CORNITOS Roasted Cashews Crack Pepper X 12 Cashew 2400 Grams,roasted cashews crack pepper x cashew,Sweets/Snacks,"Sweets, Snacks",Sweets
no_sisters,73045cab-630e-4880-b056-9292f4df0582,Cornitos Natural Cashew 200 Grams,natural cashew,Dry Fruits/Seeds,"Dry Fruits, Seeds",Dry Fruits
no_sisters,73f2e325-f1b0-4f7a-a1bd-840efe3e2b20,CORNITOS Avocado Pulp Tub 225 Grams,avocado pulp tub,Dressings/Dips,"Dressings, Dips",Dressings
no_sisters,760059f2-f3f7-4c46-b899-bb4cfef21c63,Cornitos Roasted Almonds Dark Chocolate 200 Grams,roasted almonds dark chocolate,Dry Fruits/Seeds,"Dry Fruits, Seeds",Dry Fruits
no_sisters,7b9e3ac2-cff5-4f60-b059-56e3c036d72b,Cornitos Corn Nut Spicy Tomato 30 Grams,nut spicy tomato,Dry Fruits/Seeds,"Dry Fruits, Seeds",Dry Fruits
no_sisters,7fb23762-9b7f-412a-a860-fd531e4e3afc,Cornitos Nachos Institutional Pack 50 Grams,nachos institutional,Sweets/Snacks,"Sweets, Snacks",Sweets
no_sisters,8834e30e-c7e1-452e-8162-4948f323b87b,Cornitos Corn Nut Chile Picante 30 Grams,nut chile picante,Dry Fruits/Seeds,"Dry Fruits, Seeds",Dry Fruits
no_sisters,8964997f-bfe1-40b1-bee6-013041a180d9,CORNITOS SPINACH Nachos BAKED AND FRIED CORN CHIPS 200 Grams,spinach nachos baked and fried chips rams,Sweets/Snacks,"Sweets, Snacks",Sweets
no_sisters,8de2d687-c137-4f82-9721-a4fcc83e9c43,CORNITOS Cheese And Herbs 60g X 18 Case 1080 Grams,cheese and herbs x case rams,Sweets/Snacks,"Sweets, Snacks",Sweets
no_sisters,8ed8743f-c4d2-4909-b3e9-e39c470d03be,Cornitos Cheese Nachos Retail Can 50 Grams,cheese nachos retail rams,Sweets/Snacks,"Sweets, Snacks",Sweets
no_sisters,90165c57-6a88-4ce1-8dfc-fc7139ac6787,CORNITOS Zaatar Almonds 200g 200 Grams,zaatar almonds,Dry Fruits/Seeds,"Dry Fruits, Seeds",Dry Fruits
no_sisters,953d1809-9ea7-46e2-a7ce-5dcd24afab60,CORNITOS NACHO CRISPS TOMATO MEXICANA 20 GM,nacho crisps tomato mexicana,Crunchy Snack,Crunchy Snack,Crunchy Snack
no_sisters,99123b64-070f-4ec4-9fc4-73b81361c3c0,CORNITOS Pineapple Chunky Salsa 330g 330 Grams,pineapple chunky salsa,Desserts/Desserts Sauces/Toppings,"Desserts, Desserts Sauces, Toppings",Desserts
no_sisters,9c591f1c-b4f4-4572-a322-b40975d94799,CORNITOS BEETROOT Nachos 200g Case 200 Grams,beetroot nachos case rams,Sweets/Snacks,"Sweets, Snacks",Sweets
no_sisters,9f1e433c-2a2a-45f3-9fa7-d434db7eadf5,CORNITOS Sizzlin Jalapeno Nachos And Salsa Dip Tray X 18 Baked Cooked Corn Chips 1440 Grams,sizzlin jalapeno nachos and salsa dip tray x baked cooked chips,Sweets/Snacks,"Sweets, Snacks",Sweets
no_sisters,a0514401-2fd1-4756-a8cf-cf8775fbb80f,CORNITOS Nutty Fiesta Roasted Nuts 200 Grams,nutty fiesta roasted nuts,Dry Fruits/Seeds,"Dry Fruits, Seeds",Dry Fruits
no_sisters,a79311c5-f9a9-4d7a-bdbe-b992caf5cb58,Cornitos Peri 60 Grams,cornitos peri 60 grams,Sweets/Snacks,"Sweets, Snacks",Sweets
no_sisters,a95b95c8-c1dd-4e84-a388-da5f6707fbc7,CORNITOS Sea Salt X 16 BAKED AND FRIED CORN CHIPS 2400 Grams,sea salt x baked and fried chips,Sweets/Snacks,"Sweets, Snacks",Sweets
no_sisters,b0d8795c-8a2c-4c44-8edf-7d9c5efbceff,Cornitos Sea Salt 150 Grams,sea salt rams,Sweets/Snacks,"Sweets, Snacks",Sweets
no_sisters,b236f493-0ce6-4572-ac37-5163cb466f1a,CORNITOS Barbeque Nachos Retail Can BAKED AND FRIED CORN CHIPS Cans 50 Grams,barbeque nachos retail baked and fried chips cans rams,Sweets/Snacks,"Sweets, Snacks",Sweets
no_sisters,b70fec87-d4de-4b13-afd2-8ab6c2634e35,CORNITOS Tikka Masala 60g X 18 Case 1080 Grams,tikka masala x case,Sweets/Snacks,"Sweets, Snacks",Sweets
no_sisters,bea24eac-043c-452c-beac-f39c3e07422b,CORNITOS Refried Beans Pack Mashed Red Kidney Bag 175 Grams,refried beans mashed red kidney,Prepared/Preserved Foods,"Prepared, Preserved Foods",Prepared
no_sisters,c7bfd6bc-5f2a-4fe3-843d-8fe83ea7d3e8,Cornitos Jalapeno Nachos Retail Can 50 Grams,jalapeno nachos retail,Sweets/Snacks,"Sweets, Snacks",Sweets
no_sisters,ca4bc6a4-4867-4183-8914-5d0737e47da4,CORNITOS NACHO CRISPS CHEESE AND HERBS 30 GM,nacho crisps cheese and herbs,Cheese / Paneer / Tofu,"Cheese, Paneer, Tofu",Cheese
no_sisters,cb50d5b7-8cef-42b5-a7c4-6b2688dca86f,Cornitos Pepper And Salt Roasted Cashews Tin 40 Grams Roasted Nuts,pepper and salt roasted cashews roasted nuts,Dry Fruits/Seeds,"Dry Fruits, Seeds",Dry Fruits
no_sisters,d8e25a08-062e-4d7f-bbd5-4cd7b0af6438,CORNITOS Classic Guacamole Tub 225 Grams,classic guacamole tub,Dry Fruits/Seeds,"Dry Fruits, Seeds",Dry Fruits
no_sisters,d9b8727c-5377-4748-b22b-305d6572d8bf,CORNITOS Pineapple Salsa Dip -100g 100 Grams,pineapple salsa dip,Sauces/Spreads/Dips/Condiments,"Sauces, Spreads, Dips, Condiments",Sauces
no_sisters,dce509d6-5404-4add-8daa-5e4a8acf663b,Cornitos Super Seeds 200 Grams,super seeds,Dry Fruits/Seeds,"Dry Fruits, Seeds",Dry Fruits
no_sisters,e17f7181-e2a2-481e-a5b3-2abb740f36af,CORNITOS Party Mix 200g X 12 Case 2400 Grams,party mix x case rams,Dry Fruits/Seeds,"Dry Fruits, Seeds",Dry Fruits
no_sisters,e3eb3602-5d76-4c57-9b9b-daeb57658609,Cornitos Peper & Herbs Cashew And Party Mix 400 Grams,peper herbs cashew and party mix,Dry Fruits/Seeds,"Dry Fruits, Seeds",Dry Fruits
no_sisters,e78bb753-e465-4baa-95af-cd28d41d49f7,CORNITOS Nacho Chips- Tikka Masala 22 Grams,nacho chips tikka masala rams,Crunchy Snack,Crunchy Snack,Crunchy Snack
no_sisters,ec9b429b-ca39-421e-9c27-e93443d634a4,CORNITOS Zaatar Nachos 60g Baked And Cooked Corn Chips 60 Grams,zaatar nachos baked and cooked chips,Sweets/Snacks,"Sweets, Snacks",Sweets
no_sisters,ed71cd2b-8fc4-4ab3-aa47-6c90cce4bc7d,Cornitos Olives And Herbs 60 Grams,olives and herbs rams,Sweets/Snacks,"Sweets, Snacks",Sweets
no_sisters,f5395003-6387-4d13-a7cb-75f7d2838bb3,CORNITOS SIZZLIN JALAPENO Nacho Can With Cheese Dip Baked And Cooked Corn Chips 60 Grams,sizzlin jalapeno nacho with cheese dip baked and cooked chips rams,Sweets/Snacks,"Sweets, Snacks",Sweets
no_sisters,f760d52c-1b23-4220-bf68-bebe88431cfc,CORNITOS Tikka Masala No Onion Garlic 30g Nacho Crisps 30 Grams,tikka masala no onion garlic nacho crisps rams,Sweets/Snacks,"Sweets, Snacks",Sweets
no_sisters,f882da09-29e3-409e-b7e3-68046cd1afed,Cornitos Party Starter Pack For Amstel 30 Grams,party starter for amstel,Dry Fruits/Seeds,"Dry Fruits, Seeds",Dry Fruits
no_sisters,fc2bf3bc-8c52-4c8f-9a1e-cd5d97ece657,Cornitos Roasted Cashew 30 Grams,roasted cashew rams,Crunchy Snack,Crunchy Snack,Crunchy Snack
no_sisters,fc95905a-2341-4a0c-8d04-63c33b8c285b,CORNITOS Wasabi Nachos X 16 BAKED AND FRIED CORN CHIPS 2400 Grams,wasabi nachos x baked and fried chips,Sweets/Snacks,"Sweets, Snacks",Sweets
